INSERT INTO "author" ("id", "alive", "name", "country", "language") VALUES ('1','true','Hasan Ali Toptas','Turkey','Turkish');
INSERT INTO "author" ("id", "alive", "name", "country", "language") VALUES ('2','true','Peyami Safa','Turkey','Turkish');
INSERT INTO "author" ("id", "alive", "name", "country", "language") VALUES ('3','true','Ihsan Oktay Anar','Turkey','Turkish');
INSERT INTO "author" ("id", "alive", "name", "country", "language") VALUES ('4','true','Orhan Pamuk','Turkey','Turkish');
INSERT INTO "author" ("id", "alive", "name", "country", "language") VALUES ('5','false','Kemal Tahir','Turkey','Turkish');
INSERT INTO "author" ("id", "alive", "name", "country", "language") VALUES ('6','false','Yasar Kemal','Turkey','Turkish');
INSERT INTO "author" ("id", "alive", "name", "country", "language") VALUES ('7','false','John Fowles','England','English');
INSERT INTO "author" ("id", "alive", "name", "country", "language") VALUES ('8','false','Virginia Woolf','England','English');
INSERT INTO "author" ("id", "alive", "name", "country", "language") VALUES ('9','false','Jane Austen','England','English');
INSERT INTO "author" ("id", "alive", "name", "country", "language") VALUES ('10','false','Jack London','USA','English');

INSERT INTO "book" ("id", "barcode", "title") VALUES ('1', '110', 'Heba123');
INSERT INTO "book" ("id", "barcode", "title") VALUES ('2', '120', 'Golgesizler');
INSERT INTO "book" ("id", "barcode", "title") VALUES ('3', '130', 'Puslu Kitalar Atlasi');
INSERT INTO "book" ("id", "barcode", "title") VALUES ('4', '140', 'Dokuzuncu Hariciye Kogusu');
INSERT INTO "book" ("id", "barcode", "title") VALUES ('5', '150', 'Yeni Hayat');
INSERT INTO "book" ("id", "barcode", "title") VALUES ('6', '160', 'Ince Mehmet');
INSERT INTO "book" ("id", "barcode", "title") VALUES ('7', '170', 'Koleksiyoncu');
INSERT INTO "book" ("id", "barcode", "title") VALUES ('11','173',  'Koleksiyoncu');
INSERT INTO "book" ("id", "barcode", "title") VALUES ('12', '171', 'Koleksiyoncu');
INSERT INTO "book" ("id", "barcode", "title") VALUES ('8', '100', 'Dalgalar');
INSERT INTO "book" ("id", "barcode", "title") VALUES ('9', '100', 'Martin Eden');
INSERT INTO "book" ("id", "barcode", "title") VALUES ('10','100',  'Gurur ve Onyargi');

INSERT INTO "book_authors" ("books_id", "authors_id") VALUES ('1', '2');
INSERT INTO "book_authors" ("books_id", "authors_id") VALUES ('2', '2');
INSERT INTO "book_authors" ("books_id", "authors_id") VALUES ('3', '3');
INSERT INTO "book_authors" ("books_id", "authors_id") VALUES ('4', '3');
INSERT INTO "book_authors" ("books_id", "authors_id") VALUES ('5', '1');
INSERT INTO "book_authors" ("books_id", "authors_id") VALUES ('4', '3');
INSERT INTO "book_authors" ("books_id", "authors_id") VALUES ('7', '4');
INSERT INTO "book_authors" ("books_id", "authors_id") VALUES ('1', '5');
INSERT INTO "book_authors" ("books_id", "authors_id") VALUES ('3', '2');
INSERT INTO "book_authors" ("books_id", "authors_id") VALUES ('2', '4');